Wall time,Step,Value,Smoothed_Value_Same
1735119293.6367755,2000,40.16378021240234,20.548856671651208
1735119306.5969477,4000,40.45455932617188,20.685395545959473
1735119322.4185245,6000,41.55961608886719,20.821373303731285
1735119342.6407871,8000,41.539207458496094,20.95763916015625
1735119368.7705178,10000,42.01647186279297,21.093494567871097
1735119416.8041625,12000,40.64923477172852,21.22761876424154
1735119456.2079723,14000,41.14239501953125,21.363117472330728
1735119485.093095,16000,41.052494049072266,21.498147633870445
1735119514.3772278,18000,41.11638259887695,21.634339256286623
1735119543.7630646,20000,41.62522888183594,21.76906317392985
1735119572.7234485,22000,41.3217658996582,21.905538647969564
1735119601.349455,24000,41.0255126953125,22.040044288635254
1735119630.7495425,26000,40.79742431640625,22.176028429667156
1735119660.8863685,28000,40.93442916870117,22.310485763549806
1735119691.513929,30000,40.84578323364258,22.446479187011718
1735119719.822533,32000,41.02497863769531,22.582530670166015
1735119748.1085,34000,41.13249969482422,22.71761081695557
1735119776.5123303,36000,40.85406494140625,22.85467061360677
1735119804.7436647,38000,41.16413497924805,22.988986218770346
1735119832.5455267,40000,40.97604370117188,23.123545684814452
1735119860.8476372,42000,41.24451446533203,23.26053062438965
1735119889.0565977,44000,41.353633880615234,23.39536818186442
1735119917.1124864,46000,41.26224136352539,23.531291478474934
1735119945.2626529,48000,41.22565078735352,23.665324516296387
1735119973.7031238,50000,41.6759147644043,23.80052313486735
1735120002.1994069,52000,41.26080703735352,23.93642667134603
1735120030.32565,54000,41.03602981567383,24.073423830668133
1735120058.212952,56000,41.12439727783203,24.208397839864098
1735120086.155416,58000,41.13368225097656,24.343987706502283
1735120114.3750775,60000,41.20743560791016,24.479827334086103
1735120142.72125,62000,41.24376678466797,24.616210009257003
1735120170.9442508,64000,40.92927932739258,24.75072937011719
1735120198.9130344,66000,41.00027847290039,24.887403437296552
1735120227.2520025,68000,40.79468536376953,25.023155784606935
1735120255.8216946,70000,41.55061340332031,25.157881037394205
1735120283.9648232,72000,41.2476806640625,25.293303960164387
1735120312.1206644,74000,40.8956413269043,25.428666915893558
1735120340.6268551,76000,41.19023895263672,25.563952217102052
1735120369.2393775,78000,40.99207305908203,25.698949864705405
1735120397.247206,80000,40.7792854309082,25.835193735758466
1735120425.332269,82000,41.128543853759766,25.969730974833173
1735120453.3483872,84000,40.95641708374024,26.104072469075525
1735120481.559937,86000,40.91699600219727,26.240088030497233
1735120516.3745348,88000,41.44928359985352,26.37385873158773
1735120547.0058892,90000,41.59457015991211,26.509217580159508
1735120576.6436975,92000,41.25493240356445,26.643818600972494
1735120606.3160105,94000,41.276737213134766,26.777509485880536
1735120635.6175616,96000,41.14142990112305,26.913127568562828
1735120664.6658025,98000,41.08318710327149,27.047293828328453
1735120694.03006,100000,41.18402099609375,27.1821012878418
1735120723.6722584,102000,41.05678939819336,27.31843626658122
1735120752.5497751,104000,41.24162292480469,27.453598047892257
1735120781.2559204,106000,41.4765853881836,27.588522669474287
1735120810.1158347,108000,41.69762420654297,27.723961003621422
1735120838.348757,110000,41.24768829345703,27.858376490275067
1735120866.551846,112000,41.07948303222656,27.993014450073243
1735120894.6402657,114000,41.300777435302734,28.128905258178712
1735120923.0019407,116000,41.28460693359375,28.263747940063478
1735120951.5905478,118000,40.90053176879883,28.397770627339682
1735120979.880267,120000,41.73468399047852,28.532748451232912
1735121007.9177077,122000,41.80721664428711,28.666138712565104
1735121036.0345523,124000,41.6460075378418,28.801307690938316
1735121064.6050298,126000,41.49479675292969,28.936727053324383
1735121092.990287,128000,41.60261917114258,29.070665982564293
1735121120.8861537,130000,41.684757232666016,29.206076189676924
1735121148.922398,132000,41.61671829223633,29.341060663859054
1735121176.8539789,134000,41.39188003540039,29.47778274536133
1735121205.2080646,136000,41.50590133666992,29.61461945851644
1735121233.3741646,138000,41.68611145019531,29.7495156733195
1735121261.2387333,140000,41.404579162597656,29.884492696126305
1735121289.2890272,142000,41.36505889892578,30.019652519226078
1735121317.5847025,144000,40.84737396240234,30.153903376261397
1735121345.7846437,146000,41.643836975097656,30.28792620340983
1735121373.9261117,148000,41.26581954956055,30.421889483133953
1735121402.3025692,150000,41.35637283325195,30.556116600036624
1735121430.9486196,152000,41.132080078125,30.689127222696943
1735121458.938177,154000,41.06204605102539,30.822416089375814
1735121487.1444116,156000,41.44531631469727,30.956534716288253
1735121515.1070828,158000,41.56398010253906,31.089778849283856
1735121543.0177398,160000,41.2006721496582,31.223035240173342
1735121578.099784,162000,41.15486145019531,31.35736323038737
1735121606.3229463,164000,41.26723861694336,31.490889536539715
1735121634.2086046,166000,41.414180755615234,31.624810167948407
1735121666.9480364,168000,40.97532653808594,31.758957710266113
1735121696.7194574,170000,41.14226150512695,31.892333984375
1735121724.8573773,172000,41.27926254272461,32.02714018503825
1735121752.9861023,174000,41.05869674682617,32.161839650472004
1735121781.343587,176000,41.07630157470703,32.29691880544027
1735121809.4291346,178000,41.00894546508789,32.43061632792155
1735121837.7783828,180000,41.42885971069336,32.56425923665365
1735121871.0802884,182000,41.56965255737305,32.697400588989254
1735121904.417138,184000,40.99452590942383,32.832007535298665
1735121932.5936573,186000,41.560359954833984,32.96622919718425
1735121965.0767329,188000,40.94680404663086,33.09929453531902
1735121992.9982882,190000,41.19930648803711,33.23395706176758
1735122021.1238155,192000,41.10158157348633,33.36783166249593
1735122053.9292388,194000,41.12205123901367,33.50222760518392
1735122082.3243198,196000,41.25212860107422,33.63575092315674
1735122113.1840878,198000,41.1614990234375,33.770218276977545
1735122142.0093095,200000,41.28597259521485,33.904159266153975
1735122170.5394692,202000,41.24983978271485,34.03873252868652
1735122202.485128,204000,41.061012268066406,34.17377680460612
1735122233.755081,206000,41.54071807861328,34.306875928243
1735122261.7380676,208000,41.17168045043945,34.4405641301473
1735122292.768335,210000,40.89083862304688,34.5757580947876
1735122323.22253,212000,41.02951049804688,34.70806154886881
1735122356.1203382,214000,40.50074005126953,34.842185974121094
1735122388.653347,216000,40.6311149597168,34.97649752298991
1735122418.620451,218000,40.935184478759766,35.109839375813806
1735122451.7141497,220000,40.91682815551758,35.24432462056478
1735122484.3291469,222000,40.682899475097656,35.37981404622396
1735122518.856218,224000,40.58602142333984,35.513797836303716
1735122546.950894,226000,40.873966217041016,35.64855532328288
1735122582.74879,228000,41.02919006347656,35.783176307678225
1735122610.6589992,230000,41.0184211730957,35.917892494201666
1735122642.5841093,232000,40.92207336425781,36.05343334197998
1735122671.3062773,234000,41.00672912597656,36.18739860534668
1735122699.965629,236000,40.661354064941406,36.32188027699789
1735122728.3572614,238000,40.44168472290039,36.45509694417318
1735122756.8995156,240000,41.15910720825195,36.58903036753337
1735122785.325407,242000,40.9240608215332,36.725116144816084
1735122813.9370155,244000,41.22038269042969,36.86048207600912
1735122842.694193,246000,41.15269088745117,36.99532248179118
1735122871.7467206,248000,40.91164779663086,37.12837238311768
1735122900.62153,250000,41.08913803100586,37.261301867167155
1735122929.1402683,252000,40.85763931274414,37.3973716100057
1735122957.213938,254000,40.81217956542969,37.533357823689784
1735122985.5377266,256000,40.79851913452149,37.667442906697595
1735123013.885827,258000,41.298954010009766,37.80134424845378
1735123042.3783643,260000,40.74740982055664,37.9354135131836
1735123070.356452,262000,41.02535629272461,38.069830449422206
1735123098.8913949,264000,40.12734222412109,38.204871075948084
1735123127.3794906,266000,40.73019027709961,38.33994744618734
1735123155.4822645,268000,40.478633880615234,38.47474004109701
1735123183.4317122,270000,41.296485900878906,38.60737859090169
1735123211.618895,272000,41.07701873779297,38.742191212972
1735123240.401443,274000,40.77643966674805,38.87785317738851
1735123268.4408152,276000,40.552547454833984,39.012405459086104
1735123296.8593135,278000,40.50789642333984,39.1465001042684
1735123324.8735485,280000,40.76885223388672,39.28126865386963
1735123352.7334158,282000,40.66548538208008,39.41519547780355
1735123381.5468788,284000,40.28778076171875,39.55016521453858
1735123410.062765,286000,40.8210563659668,39.68430629730225
1735123437.902163,288000,40.623722076416016,39.81880645751953
1735123466.2744915,290000,41.01675033569336,39.952676925659176
1735123494.448938,292000,40.64230346679688,40.08769498189291
1735123522.7633357,294000,40.48875427246094,40.22222006479899
1735123553.480059,296000,40.872013092041016,40.35534192403158
1735123582.417336,298000,40.83145523071289,40.48947193145752
1735123611.0553794,300000,40.67205047607422,40.62310872395834
1735123639.2658856,302000,40.96166229248047,40.755928179423016
1735123667.418987,304000,40.79332733154297,40.756827100118
1735123695.3815138,306000,40.87975692749024,40.75604846954346
1735123723.3329237,308000,40.756622314453125,40.75304597218832
1735123751.967558,310000,40.23725891113281,40.7476948038737
1735123779.96827,312000,40.64961242675781,40.741189600626626
1735123808.329542,314000,40.50904846191406,40.74042687733969
1735123836.579699,316000,40.85748672485352,40.736771990458166
1735123864.5621529,318000,40.41717529296875,40.73343757629395
1735123892.8544698,320000,40.94264221191406,40.730328763326014
1735123920.908629,322000,40.35169219970703,40.72547799428304
1735123949.3260891,324000,40.79524230957031,40.722116470336914
1735123977.6285422,326000,40.33720016479492,40.71950337727864
1735124005.5553465,328000,40.79802703857422,40.719306805928554
1735124033.487847,330000,40.81544494628906,40.71750005086263
1735124061.5543778,332000,40.524044036865234,40.713373044331874
1735124089.7622385,334000,41.11793899536133,40.711044731140134
1735124117.8701067,336000,40.294681549072266,40.70767930348714
1735124145.830657,338000,40.36783981323242,40.70664089202881
1735124174.3551354,340000,41.095481872558594,40.70329205830892
1735124202.6204898,342000,40.45126724243164,40.70045551300049
1735124231.1328042,344000,40.7769889831543,40.696719601949056
1735124258.9960346,346000,40.20991134643555,40.6928465906779
1735124287.921414,348000,40.55958557128906,40.68921910603842
1735124316.278283,350000,40.77106094360352,40.686344973246264
1735124344.463837,352000,41.09914779663086,40.68128856658936
1735124372.7298942,354000,40.49220275878906,40.67841896057129
1735124400.3828845,356000,40.67695999145508,40.67716615041097
1735124428.7389212,358000,40.75188827514648,40.67584467569988
1735124456.7496805,360000,40.91480255126953,40.6728244527181
1735124485.255826,362000,40.35580825805664,40.66991230010987
1735124512.956271,364000,41.002220153808594,40.666186230977374
1735124541.403694,366000,40.725704193115234,40.66314584096273
1735124569.5505664,368000,40.41757583618164,40.66008036295573
1735124597.837045,370000,40.62687683105469,40.656873385111496
1735124626.159608,372000,40.60888671875,40.65249399820964
1735124654.457825,374000,40.58559036254883,40.64983796437582
1735124682.7579937,376000,40.49929428100586,40.647833607991544
1735124711.1207542,378000,40.87316131591797,40.64412138621013
1735124739.535676,380000,40.36117172241211,40.64227644602458
1735124767.9744992,382000,40.30244827270508,40.642625490824386
1735124796.201548,384000,40.80466842651367,40.639553476969404
1735124824.4242892,386000,40.13121032714844,40.636429176330566
1735124852.3682206,388000,40.6076545715332,40.633927027384445
1735124880.6730816,390000,40.38030624389648,40.63016757965088
1735124909.5199578,392000,40.10726547241211,40.62596558888754
1735124937.252466,394000,40.6854248046875,40.62350318908692
1735124965.3555644,396000,40.2498779296875,40.61955958048503
1735124993.4712312,398000,40.44223785400391,40.616772499084476
1735125022.2099345,400000,40.90049362182617,40.61354479471843
1735125050.5874858,402000,40.54853439331055,40.609746907552086
1735125078.887749,404000,40.477386474609375,40.60671902974447
1735125106.7126615,406000,40.63150024414063,40.603483568827315
1735125134.7100694,408000,40.32464599609375,40.59904726664226
1735125162.7310965,410000,40.391387939453125,40.594448814392095
1735125190.8662727,412000,40.76724243164063,40.59229049682618
1735125218.9323878,414000,40.45280456542969,40.589607658386235
1735125247.0547323,416000,40.20680618286133,40.58624746958415
1735125275.981662,418000,40.49334716796875,40.58406814575196
1735125303.887726,420000,40.0170783996582,40.58145284016928
1735125332.2467377,422000,40.55069351196289,40.57606218973796
1735125360.487322,424000,40.62580871582031,40.56964809417725
1735125389.4648287,426000,40.181678771972656,40.566033388773604
1735125417.9390414,428000,40.62306213378906,40.5633325958252
1735125445.8934298,430000,40.49534225463867,40.55830773671468
1735125474.067356,432000,41.0166244506836,40.55306493123373
1735125502.204944,434000,41.0510139465332,40.55046334584554
1735125530.91211,436000,40.46886444091797,40.54595807393392
1735125559.1792257,438000,40.493106842041016,40.542359364827476
1735125587.760188,440000,40.54794692993164,40.536887613932294
1735125616.2881052,442000,40.2752571105957,40.533502133687335
1735125644.4329069,444000,40.20684814453125,40.531155573527016
1735125672.5976288,446000,40.18898391723633,40.53004264831543
1735125700.6407466,448000,40.26813507080078,40.523792317708335
1735125729.13371,450000,39.9031867980957,40.52132120768229
1735125757.3093612,452000,39.98666000366211,40.518680903116866
1735125785.9576294,454000,40.23558807373047,40.51492897033691
1735125813.9033935,456000,39.97323989868164,40.51248560587565
1735125841.6878805,458000,39.9769172668457,40.508588294982914
1735125869.7020469,460000,40.29839706420898,40.5045166015625
1735125897.7465537,462000,40.057891845703125,40.50267543792725
1735125925.92186,464000,40.17618942260742,40.50015068054199
1735125954.0338748,466000,40.2442626953125,40.49659580230713
1735125982.529371,468000,40.012882232666016,40.49190478006999
1735126011.0381742,470000,40.44186019897461,40.48829719543457
1735126039.0695634,472000,40.40983963012695,40.48673620859782
1735126067.290083,474000,40.52374649047852,40.48435642242432
1735126096.7577574,476000,40.109256744384766,40.4799041112264
1735126125.216581,478000,40.092872619628906,40.47613206227621
1735126153.4298408,480000,39.9424057006836,40.47279099782308
1735126181.3061285,482000,40.382083892822266,40.469079933166505
1735126209.228757,484000,40.26649856567383,40.463875757853195
1735126237.3637106,486000,39.91960144042969,40.461256955464684
1735126265.4511652,488000,40.39875793457031,40.4574125289917
1735126293.444484,490000,40.16238021850586,40.453818766276044
1735126321.6212988,492000,40.31878280639648,40.45078310648601
1735126349.9983368,494000,40.0569953918457,40.44814367930094
1735126378.1009288,496000,40.34020614624024,40.445421880086265
1735126406.353039,498000,40.18229675292969,40.44065975189209
1735126434.480924,500000,40.371978759765625,40.43571212768555
1735126463.3017068,502000,40.513282775878906,40.43233997344971
1735126491.7744343,504000,39.92973709106445,40.42873944600423
1735126520.023814,506000,40.10646057128906,40.423610649108895
1735126547.991227,508000,40.55818939208984,40.417686462402344
1735126576.0524597,510000,39.691036224365234,40.41461288452149
1735126604.266996,512000,40.2373275756836,40.4114251836141
1735126632.4021754,514000,40.29346466064453,40.40799597422282
1735126660.8277218,516000,40.00255584716797,40.40699532826742
1735126688.9557772,518000,40.34557342529297,40.405580647786465
1735126717.317158,520000,40.64682769775391,40.403674163818366
1735126745.6790507,522000,40.19513702392578,40.39943372090657
1735126773.7865508,524000,40.42724609375,40.39819464365641
1735126802.105813,526000,40.38629531860352,40.397197558085125
1735126830.8031273,528000,40.41485595703125,40.394969075520834
1735126859.382137,530000,40.662254333496094,40.391109530131025
1735126887.7246995,532000,40.189579010009766,40.38742730458578
1735126915.7102628,534000,40.34450149536133,40.38430380503337
1735126943.7188702,536000,39.96500015258789,40.3819637934367
1735126972.2428503,538000,40.18002700805664,40.380189170837404
1735127000.4069743,540000,40.82573318481445,40.37863433837891
1735127028.468753,542000,40.60977935791016,40.375071156819665
1735127056.6211548,544000,40.45212173461914,40.37076281229655
1735127084.8372014,546000,39.91497039794922,40.36667710622152
1735127112.866815,548000,39.87884521484375,40.36337724049886
1735127141.0469215,550000,40.8209228515625,40.36006065368653
1735127169.6457975,552000,40.79586410522461,40.35624528249105
1735127198.3586245,554000,40.22552490234375,40.352987353007
1735127226.7338338,556000,40.17040252685547,40.34956066131592
1735127254.8649964,558000,40.22077941894531,40.347283643086755
1735127282.8398354,560000,40.32508087158203,40.34225226084391
1735127311.1551363,562000,40.51218795776367,40.339438336690264
1735127339.4318554,564000,40.522911071777344,40.335160166422526
1735127367.941291,566000,40.43777847290039,40.33500912984212
1735127396.1184237,568000,39.79156494140625,40.33243943532308
1735127424.5709202,570000,40.44378662109375,40.330102678934736
1735127453.1269767,572000,40.69858932495117,40.32515387217204
1735127481.6872091,574000,40.365684509277344,40.31967245737712
1735127510.157394,576000,40.2283935546875,40.31653095245362
1735127538.6911576,578000,40.43056488037109,40.313772455851236
1735127567.2229784,580000,40.17804718017578,40.31227024078369
1735127595.2890804,582000,40.49092102050781,40.30964630126953
1735127623.3612442,584000,40.24232482910156,40.30741077423096
1735127651.6888337,586000,40.35004806518555,40.30665213267008
1735127679.9788718,588000,40.16114044189453,40.305010363260905
1735127708.365282,590000,40.50541687011719,40.30302284240723
1735127736.8574393,592000,40.35752487182617,40.298893826802576
1735127765.1899242,594000,39.93655776977539,40.2960519917806
1735127793.5597875,596000,40.2390022277832,40.29413186391195
1735127821.8442335,598000,40.09103775024414,40.29021270751953
1735127850.0265546,600000,39.8458366394043,40.286836293538414
1735127878.0764415,602000,40.43345642089844,40.28428928375244
1735127906.730177,604000,40.220970153808594,40.28096314748129
1735127934.85272,606000,40.65886688232422,40.27732360839844
1735127963.036588,608000,39.93385696411133,40.27393337249756
1735127991.0326307,610000,40.06491088867188,40.272597529093424
1735128019.1617234,612000,40.42041778564453,40.27243350982666
1735128047.7339065,614000,40.045928955078125,40.271741205851235
1735128076.0156183,616000,40.05216979980469,40.268684234619144
1735128104.0437412,618000,40.183738708496094,40.26583596547445
1735128132.3832164,620000,40.16999816894531,40.26357864379883
1735128160.8095253,622000,40.31330871582031,40.25974413553874
1735128189.0729406,624000,40.24158477783203,40.25673678080241
1735128217.2361517,626000,40.73845291137695,40.25322598775228
1735128245.5628345,628000,40.39240264892578,40.25135654449463
1735128274.036639,630000,39.60768127441406,40.24699204762777
1735128302.4884026,632000,40.32648468017578,40.243331069946294
1735128330.6886177,634000,40.12287139892578,40.24059712727865
1735128358.5781505,636000,40.54254150390625,40.23732779184978
1735128386.517141,638000,40.15948486328125,40.23587137858073
1735128414.6623285,640000,40.12508010864258,40.23505482991537
1735128442.8608618,642000,40.12374114990234,40.23036034901937
1735128470.8098204,644000,40.19173049926758,40.227731501261395
1735128498.9431517,646000,40.17399597167969,40.22364238739014
1735128526.8666365,648000,40.36341094970703,40.22224454243978
1735128554.973035,650000,40.158992767333984,40.21809917449952
1735128583.0127883,652000,40.3999252319336,40.21578016916911
1735128611.400899,654000,40.660186767578125,40.21126295725505
1735128639.803922,656000,40.72795486450195,40.210060933430995
1735128667.8613963,658000,40.22761535644531,40.207375373840335
1735128695.8161385,660000,40.33378982543945,40.20401772816976
1735128723.8257673,662000,40.12594604492188,40.19968688964844
1735128751.9162054,664000,40.01716232299805,40.19932746887207
1735128779.9104197,666000,40.08063507080078,40.19464875539144
1735128808.1058552,668000,39.83259201049805,40.191219774882
1735128835.9749084,670000,40.23679733276367,40.18781888326009
1735128864.79555,672000,40.450870513916016,40.18457323710124
1735128892.9781663,674000,40.29433441162109,40.181022822062175
1735128921.0804229,676000,40.07657241821289,40.177904535929365
1735128949.055656,678000,40.43859100341797,40.175247243245444
1735128977.454708,680000,40.88399887084961,40.170750592549645
1735129005.6981914,682000,40.206939697265625,40.16826969146729
1735129033.6743724,684000,40.01912689208984,40.16605959574382
1735129061.6639695,686000,40.166351318359375,40.16333513895671
1735129089.672771,688000,40.32144927978516,40.162948252360025
1735129117.8815396,690000,40.3339729309082,40.16007596333822
1735129146.008732,692000,40.516212463378906,40.15780529022217
1735129174.1317124,694000,40.09365463256836,40.15889053344727
1735129202.3833394,696000,40.30530548095703,40.15656370798747
1735129230.8891387,698000,40.11487579345703,40.15582635243734
1735129258.8138182,700000,40.044654846191406,40.15428817749024
1735129287.1344025,702000,40.1484260559082,40.151228268941246
1735129315.2511728,704000,40.2709846496582,40.148951632181806
1735129344.0619414,706000,40.145694732666016,40.144637794494635
1735129372.0862026,708000,40.31808853149414,40.14219823201498
1735129400.270599,710000,40.60019302368164,40.1411296081543
1735129428.225109,712000,40.27463150024414,40.139573351542154
1735129456.1279857,714000,40.29272079467773,40.13554300944011
1735129484.127633,716000,40.63080978393555,40.13387218475342
1735129511.9836516,718000,40.11594009399414,40.13224379221599
1735129540.2384005,720000,40.117488861083984,40.130628395080564
1735129568.4874594,722000,39.88298797607422,40.12953759511312
1735129596.9004917,724000,40.56159591674805,40.127788874308266
1735129624.7404132,726000,40.6845588684082,40.12440101623535
1735129652.9922028,728000,40.09516143798828,40.12390139261882
1735129680.9844542,730000,40.111915588378906,40.12074618021647
1735129709.9828734,732000,40.83624267578125,40.11904036204021
1735129738.057753,734000,40.04029846191406,40.116191190083825
1735129765.9641654,736000,40.42628860473633,40.11218107859294
1735129793.6691916,738000,40.04458618164063,40.110329729715986
1735129821.463253,740000,40.38893508911133,40.10859079996745
1735129849.526752,742000,40.66109085083008,40.1082444636027
1735129877.7045555,744000,40.51349639892578,40.10772216796876
1735129905.8094974,746000,39.76873779296875,40.10653152465821
1735129933.9051566,748000,40.52448654174805,40.104991683959966
1735129962.259474,750000,40.56428146362305,40.10398240407308
1735129990.286615,752000,40.00650024414063,40.10397855122884
1735130018.3694415,754000,40.32903671264648,40.104463233947754
1735130046.9722974,756000,40.276123046875,40.10202545166016
1735130075.5206356,758000,40.342472076416016,40.10068162282308
1735130103.5801158,760000,40.64832305908203,40.099303118387866
1735130131.8331964,762000,40.39743423461914,40.096038322448734
1735130159.3212628,764000,40.200775146484375,40.09387419382732
1735130187.3917522,766000,40.006874084472656,40.092993151346846
1735130215.7243092,768000,39.89305114746094,40.09044637044271
1735130243.69428,770000,40.67396545410156,40.08800930023194
1735130271.8214982,772000,40.56532669067383,40.084832738240564
1735130300.023853,774000,39.72300338745117,40.08281305948894
1735130328.2175665,776000,39.94468688964844,40.08054705301921
1735130356.130299,778000,40.00662612915039,40.07946725209554
1735130384.3952563,780000,40.3155403137207,40.07635482788086
1735130412.836432,782000,40.008399963378906,40.074857304890955
1735130440.9640367,784000,40.20888519287109,40.07192952473959
1735130469.0203595,786000,40.40703201293945,40.06979286193848
1735130497.0765069,788000,39.8686752319336,40.06911244710287
1735130524.81826,790000,40.28860855102539,40.067763086954756
1735130552.8673832,792000,40.30975341796875,40.06483554840088
1735130581.181393,794000,40.305511474609375,40.06211280822754
1735130608.9594212,796000,39.823490142822266,40.060666732788086
1735130636.9903262,798000,39.67721176147461,40.057328872680664
1735130665.4156318,800000,40.27432632446289,40.056368624369306
1735130693.7142043,802000,40.169681549072266,40.05344298044841
1735130721.6253357,804000,39.52237319946289,40.051243171691894
1735130749.627137,806000,39.76346206665039,40.05037770589193
1735130778.5134096,808000,40.24960708618164,40.048792928059896
1735130806.6999369,810000,39.93452835083008,40.04640274047852
1735130834.6712222,812000,40.00074768066406,40.046822789510095
1735130862.956822,814000,40.20054626464844,40.04471018473308
1735130890.6765409,816000,40.20671081542969,40.042671305338544
1735130918.8989897,818000,40.36323928833008,40.041241302490235
1735130947.1420257,820000,39.64469528198242,40.03787448883057
1735130975.0748863,822000,40.31117630004883,40.03538812001547
1735131003.154457,824000,40.286895751953125,40.03399403889974
1735131031.3657916,826000,40.20542144775391,40.03241493225098
1735131059.416858,828000,39.8713264465332,40.02999631245932
1735131087.5766582,830000,39.91375350952149,40.02801539103191
1735131115.557356,832000,39.98502349853516,40.024221191406255
1735131144.1265297,834000,40.304725646972656,40.0222343826294
1735131172.243166,836000,40.12896728515625,40.021167869567876
1735131200.4298909,838000,39.97523498535156,40.02117535909017
1735131228.446864,840000,40.09015274047852,40.018374112447106
1735131256.330848,842000,39.63155746459961,40.014154802958174
1735131284.5623603,844000,39.99467086791992,40.011851196289065
1735131312.6263938,846000,40.1627311706543,40.008247782389326
1735131340.69504,848000,39.91667175292969,40.00675161997478
1735131368.9524803,850000,39.94452667236328,40.00695131937663
1735131397.3144853,852000,39.8802604675293,40.00477261861165
1735131425.3038464,854000,39.78417205810547,40.00272916158041
1735131453.436519,856000,40.11541366577149,40.001734593709315
1735131481.468573,858000,39.7895393371582,40.00158565521241
1735131510.0141342,860000,39.90323257446289,40.00036472320557
1735131537.9282126,862000,39.74190521240234,39.99939526875814
1735131566.0109897,864000,40.08203125,39.99783671061198
1735131593.9453423,866000,39.95928192138672,39.99477667490642
1735131621.8823683,868000,39.77760696411133,39.99357879638672
1735131650.0882795,870000,39.81184387207031,39.99574844360352
1735131678.1940558,872000,39.432594299316406,39.99300910949707
1735131706.2490618,874000,39.83398818969727,39.9907220586141
1735131734.251859,876000,39.72499847412109,39.98932810465495
1735131762.6054628,878000,40.05723190307617,39.98698717753093
1735131790.5380964,880000,39.98167037963867,39.984574750264485
1735131818.5615275,882000,39.99482727050781,39.98435666402181
1735131847.0293407,884000,40.06018829345703,39.98086752573649
1735131875.4857953,886000,40.32852554321289,39.98102935791016
1735131903.652503,888000,40.0274658203125,39.97955401102702
1735131931.8034158,890000,39.77804565429688,39.97796056111655
1735131959.721633,892000,39.78975296020508,39.97498346964518
1735131987.6469438,894000,39.912715911865234,39.973306312561036
1735132015.844971,896000,39.696266174316406,39.97257094065348
1735132044.0002117,898000,39.81853103637695,39.97058579762777
1735132072.151194,900000,39.9079475402832,39.97060143788656
1735132101.0397353,902000,39.96382141113281,39.97097588857015
1735132131.8478372,904000,39.70146560668945,39.96801472981771
1735132164.456033,906000,39.86268615722656,39.966461766560876
1735132196.713977,908000,40.35586929321289,39.96412317911784
1735132229.3153565,910000,40.18805313110352,39.96330909729004
1735132261.3909872,912000,40.44192123413086,39.96330687204997
1735132293.767745,914000,39.59195709228516,39.962118301391605
1735132326.5939376,916000,40.00300598144531,39.96101323445639
1735132359.0574408,918000,39.7399787902832,39.959868342081705
1735132392.7197225,920000,39.79228973388672,39.95675645192465
1735132425.7351985,922000,39.449485778808594,39.955272699991866
1735132459.004651,924000,39.74200439453125,39.953827463785814
1735132491.4402711,926000,39.7763671875,39.953804651896164
1735132523.6072874,928000,39.488677978515625,39.951285743713385
1735132555.568602,930000,39.7171516418457,39.9495767847697
1735132588.243157,932000,39.703861236572266,39.950723559061686
1735132619.9010894,934000,40.13713836669922,39.95010670979818
1735132652.1481457,936000,39.857757568359375,39.949398880004885
1735132684.2208557,938000,40.12287521362305,39.94751726786296
1735132716.2453892,940000,39.687137603759766,39.94706877390544
1735132748.6553066,942000,39.66261291503906,39.946295229593915
1735132781.017234,944000,39.550254821777344,39.94437684377034
1735132812.7786632,946000,39.790557861328125,39.94336841583252
1735132844.725109,948000,39.31597518920898,39.943122444152834
1735132876.732978,950000,40.07535934448242,39.941457239786786
1735132908.434036,952000,39.74398422241211,39.94032657623292
1735132940.5464673,954000,40.131595611572266,39.9371039835612
1735132972.607809,956000,39.87129211425781,39.93512880961101
1735133005.3361976,958000,39.74459457397461,39.93194717407227
1735133036.7071548,960000,39.61555099487305,39.930425593058274
1735133068.2569537,962000,40.24798202514648,39.930450757344566
1735133100.6450732,964000,39.59860610961914,39.92973640441895
1735133132.7181597,966000,39.6970100402832,39.928784929911295
1735133164.7464273,968000,39.397308349609375,39.9272340520223
1735133196.74996,970000,39.65318298339844,39.927483596801764
1735133228.5794468,972000,39.54376220703125,39.926662915547695
1735133260.2174854,974000,39.65010452270508,39.925267448425295
1735133292.4319284,976000,39.70210647583008,39.92396275838216
1735133324.333744,978000,39.52416610717773,39.92325729370117
1735133356.4116738,980000,39.61690139770508,39.921719843546555
1735133388.2110493,982000,39.63941955566406,39.91797365824382
1735133420.3597426,984000,39.98733139038086,39.918108787536625
1735133452.6699035,986000,40.01514434814453,39.9165348815918
1735133484.728389,988000,39.74596786499024,39.91463284810385
1735133516.9191544,990000,39.69910430908203,39.91240585327149
1735133548.738982,992000,40.432838439941406,39.91110137939454
1735133581.0934744,994000,39.98737716674805,39.90966046651205
1735133612.7179315,996000,40.02867126464844,39.91030635833741
1735133645.3533916,998000,39.98078536987305,39.908050333658856
1735133677.0493248,1000000,39.982521057128906,39.90591896057129
1735133709.0824142,1002000,39.86554336547852,39.905629323323566
1735133740.989057,1004000,39.18323516845703,39.90296955108643
1735133772.844783,1006000,39.89963150024414,39.90091083526612
1735133804.951718,1008000,40.00405883789063,39.89985521952312
1735133836.9818478,1010000,39.92451095581055,39.89686772664389
1735133868.884714,1012000,39.55813980102539,39.89419857025147
1735133900.7655172,1014000,39.95155715942383,39.89235814412436
1735133933.0292888,1016000,39.71828842163086,39.89019432067872
1735133964.7380552,1018000,40.00872802734375,39.88718148549398
1735133996.382801,1020000,39.68983840942383,39.88703006744385
1735134028.372768,1022000,40.02607727050781,39.887149874369314
1735134060.1968791,1024000,39.60945129394531,39.887761522928876
1735134092.0465083,1026000,40.03179168701172,39.885751546223965
1735134123.435738,1028000,39.67649841308594,39.884295578002934
1735134155.2113247,1030000,39.98359680175781,39.88345303853353
1735134186.8082814,1032000,40.16187286376953,39.88137547810873
1735134218.702413,1034000,39.84798049926758,39.87799868265788
1735134250.623631,1036000,39.91345977783203,39.8771104558309
1735134282.712384,1038000,39.97142791748047,39.87453937530518
1735134314.4838142,1040000,40.44404602050781,39.874390665690115
1735134346.1574495,1042000,40.11856842041016,39.87462580362956
1735134378.3037312,1044000,39.84965515136719,39.87200096130371
1735134409.94714,1046000,39.72703170776367,39.870943578084315
1735134441.458226,1048000,39.96535110473633,39.872465782165534
1735134472.985402,1050000,39.90203094482422,39.870586306254076
1735134504.816501,1052000,40.13206481933594,39.86774215698242
1735134536.3398044,1054000,39.50425338745117,39.86580829620362
1735134568.259248,1056000,39.570091247558594,39.86427436828613
1735134599.9716277,1058000,39.5633659362793,39.86264675140381
1735134631.9910364,1060000,39.3189582824707,39.861985473632814
1735134663.4623585,1062000,39.408653259277344,39.86076128641764
1735134695.019774,1064000,39.9118766784668,39.858885027567545
1735134727.3098228,1066000,39.480228424072266,39.85800949096679
1735134759.2615,1068000,39.2817611694336,39.85920291900635
1735134790.6912622,1070000,39.4888916015625,39.861599706014
1735134821.9890735,1072000,39.80393600463867,39.85959871927898
1735134853.829748,1074000,39.84394454956055,39.8580631128947
1735134885.5786562,1076000,39.78531646728516,39.858499259948736
1735134917.484915,1078000,39.15914535522461,39.85811186472576
1735134949.2915535,1080000,39.49314880371094,39.85770567576091
1735134981.31003,1082000,39.50374984741211,39.85728337605795
1735135013.014497,1084000,39.6254997253418,39.857312062581386
1735135044.376038,1086000,39.715476989746094,39.85611209869385
1735135076.3065248,1088000,39.99394989013672,39.8561043548584
1735135108.20287,1090000,39.28411865234375,39.85600872039795
1735135139.993601,1092000,39.50196075439453,39.854293810526535
1735135171.7062285,1094000,39.623172760009766,39.8532149887085
1735135203.719494,1096000,39.33884811401367,39.851424395243335
1735135235.7064447,1098000,39.89422225952149,39.8516651916504
1735135267.4666257,1100000,39.494285583496094,39.851824340820315
1735135299.595319,1102000,39.85334014892578,39.85010627746583
1735135331.919441,1104000,39.67009735107422,39.84904998779297
1735135363.804945,1106000,39.63102722167969,39.85085384368897
1735135395.9919505,1108000,39.84113311767578,39.85169600168864
1735135427.6774917,1110000,39.81705093383789,39.850625114440916
1735135459.481885,1112000,39.603546142578125,39.849526812235524
1735135491.0846145,1114000,39.68180084228516,39.84941454569499
1735135522.5902455,1116000,39.57355499267578,39.84830651601156
1735135554.0388043,1118000,39.33552932739258,39.848217595418305
1735135586.000589,1120000,39.900917053222656,39.84794476826986
1735135617.882665,1122000,39.77691268920898,39.848073234558115
1735135649.661692,1124000,39.95351409912109,39.84816515604655
1735135681.455654,1126000,39.66070938110352,39.84765036265056
1735135713.7058153,1128000,39.820579528808594,39.84712418874105
1735135745.2274115,1130000,39.52399444580078,39.84772677103679
1735135776.7189188,1132000,39.593536376953125,39.84684220631918
1735135808.4912407,1134000,40.0245475769043,39.845689709981286
1735135840.087177,1136000,39.967247009277344,39.84362037658692
1735135871.4496047,1138000,39.33965301513672,39.842352612813315
1735135902.953016,1140000,39.559940338134766,39.841875877380375
1735135934.7176569,1142000,39.91869735717773,39.841772969563806
1735135966.2642794,1144000,39.37109756469727,39.84197275797526
1735135997.919596,1146000,39.466121673583984,39.84148198445638
1735136030.2854662,1148000,39.93875503540039,39.84007387797038
1735136062.084453,1150000,40.16731262207031,39.839873771667484
1735136093.6553862,1152000,40.18282699584961,39.83865361531576
1735136125.642644,1154000,39.927154541015625,39.838168296813976
1735136157.2066915,1156000,40.1257209777832,39.83712240854899
1735136189.697055,1158000,39.85449981689453,39.835707410176596
1735136221.1931431,1160000,40.03424453735352,39.83514691670736
1735136252.9021492,1162000,40.044620513916016,39.83540636698405
1735136284.5886517,1164000,39.60490036010742,39.83462432861328
1735136316.665402,1166000,40.07841491699219,39.83352764129639
1735136348.656376,1168000,40.44245910644531,39.83279232025147
1735136380.2308896,1170000,39.62198638916016,39.83482322692872
1735136411.5625083,1172000,40.012474060058594,39.83455610911052
1735136443.1573324,1174000,39.9474983215332,39.83612902323406
1735136474.8457282,1176000,39.52611541748047,39.835977490743005
1735136506.3859754,1178000,39.70683670043945,39.83690937042237
1735136538.6635363,1180000,40.11262130737305,39.8351244099935
1735136570.1187737,1182000,39.44417953491211,39.83409598032634
1735136601.451724,1184000,40.29087448120117,39.8340153503418
1735136632.9793985,1186000,39.90744400024414,39.83424359639486
1735136664.4669552,1188000,39.68310546875,39.83156372070313
1735136696.623308,1190000,39.61228942871094,39.83083754221599
1735136728.1279397,1192000,39.85437774658203,39.830574696858726
1735136759.650452,1194000,39.715946197509766,39.82977794647218
1735136791.469265,1196000,39.64345932006836,39.82960976918539
1735136823.0723343,1198000,40.09572982788086,39.83110350290934
1735136854.6048732,1200000,39.95817184448242,39.83054467519125
1735136886.2520633,1202000,39.545108795166016,39.8294098409017
1735136917.924611,1204000,39.75508117675781,39.82818161010743
1735136949.8630848,1206000,39.95729064941406,39.82838020324708
1735136981.6587944,1208000,39.68963241577149,39.82816507975261
1735137013.1534328,1210000,40.06424331665039,39.82654989878337
1735137044.8786235,1212000,40.063846588134766,39.82528157552083
1735137076.7065454,1214000,39.71440887451172,39.82298191070557
1735137109.9398112,1216000,39.70870208740234,39.824280522664395
1735137142.1165066,1218000,39.25017166137695,39.82340157826742
1735137174.0599608,1220000,39.72487258911133,39.82173346201579
1735137205.666393,1222000,39.87973785400391,39.82237915039063
1735137237.466997,1224000,40.2347412109375,39.82388036092123
1735137269.6727269,1226000,39.98278045654297,39.82275520324707
1735137300.8589292,1228000,39.87971496582031,39.8232633972168
1735137332.140243,1230000,39.95171356201172,39.82401269276937
1735137363.3103132,1232000,40.14142990112305,39.82490221659343
1735137394.8936796,1234000,39.9105224609375,39.82526311238607
1735137426.3873644,1236000,39.978057861328125,39.82481000264487
1735137457.864082,1238000,40.02493667602539,39.825177777608246
1735137489.4851449,1240000,39.89301681518555,39.82239040374756
1735137521.236037,1242000,39.54822540283203,39.82357409159343
1735137552.9480536,1244000,39.88920211791992,39.82531970977784
1735137584.2988708,1246000,40.10020446777344,39.82650611877442
1735137616.4758751,1248000,39.86384963989258,39.82680337270101
1735137648.089755,1250000,39.81979370117188,39.82804533640544
1735137679.9329903,1252000,39.43314743041992,39.82756785074871
1735137711.4152317,1254000,40.06763458251953,39.82684759775798
1735137743.0651288,1256000,39.77346420288086,39.82540101369223
1735137774.4797156,1258000,39.771141052246094,39.82428802490235
1735137805.858745,1260000,40.341339111328125,39.824760131835944
1735137837.166986,1262000,39.91164016723633,39.82602628072104
1735137868.958251,1264000,39.731719970703125,39.825761617024746
1735137900.6148603,1266000,39.61537170410156,39.827186330159506
1735137931.717952,1268000,39.90745544433594,39.82998043060303
1735137963.4732969,1270000,39.99059295654297,39.83258686065674
1735137995.4355009,1272000,40.03223037719727,39.834038480122885
1735138027.01322,1274000,39.90292739868164,39.834309374491376
1735138058.554004,1276000,39.864933013916016,39.83540301005046
1735138089.9595237,1278000,39.97735595703125,39.835953903198245
1735138121.4703856,1280000,39.7601432800293,39.837245915730804
1735138153.1537385,1282000,40.24747848510742,39.838042182922365
1735138184.5695074,1284000,39.54695510864258,39.83866031646729
1735138216.4457426,1286000,39.595741271972656,39.83791085561117
1735138247.838227,1288000,39.653350830078125,39.83667699178061
1735138279.0795395,1290000,39.942630767822266,39.8371905263265
1735138310.4165184,1292000,40.08393859863281,39.836320660909024
1735138342.1213248,1294000,40.28742218017578,39.83383666992188
1735138373.5011363,1296000,39.62849807739258,39.832748451232916
1735138404.7941108,1298000,39.4754638671875,39.83085369110108
1735138436.270444,1300000,39.957763671875,39.830402081807456
1735138467.7353747,1302000,39.350494384765625,39.829171867370604
1735138499.1244051,1304000,39.65336990356445,39.82977720896403
1735138531.0088005,1306000,39.829010009765625,39.833260765075686
1735138562.570885,1308000,39.42184066772461,39.83199647267659
1735138594.606155,1310000,39.79944610595703,39.831541811625165
1735138625.967498,1312000,39.722503662109375,39.831902821858726
1735138657.3962986,1314000,39.64357376098633,39.83287653605143
1735138689.2702246,1316000,39.726959228515625,39.832548484802246
1735138721.1509535,1318000,40.07051467895508,39.83368100484212
1735138752.622836,1320000,40.1534309387207,39.83311405181885
1735138784.2292342,1322000,40.06648254394531,39.83260524749756
1735138815.5535164,1324000,39.95860290527344,39.8318431854248
1735138847.2368162,1326000,40.24776840209961,39.831362380981446
1735138878.8744152,1328000,39.84239959716797,39.829416033426924
1735138910.4047053,1330000,39.4886474609375,39.82996110280355
1735138942.1067035,1332000,39.823204040527344,39.82831309000652
1735138973.7133474,1334000,39.77383041381836,39.826331024169924
1735139005.2581642,1336000,39.65496444702149,39.82626427968343
1735139036.6829343,1338000,39.99997329711914,39.825594876607255
1735139069.0361605,1340000,40.45947647094727,39.82470233917236
1735139100.2830074,1342000,39.87363815307617,39.82206061045329
1735139132.1253307,1344000,40.19628143310547,39.82116813659668
1735139163.7694569,1346000,40.225399017333984,39.82145886739096
1735139195.739065,1348000,39.96064376831055,39.82118309020997
1735139227.3780117,1350000,39.711036682128906,39.82018733978272
1735139258.701474,1352000,39.42634201049805,39.81936478932699
1735139290.1164515,1354000,39.86885833740234,39.81881369272868
1735139321.692665,1356000,39.78783798217773,39.819938837687175
1735139353.138649,1358000,40.14408874511719,39.821031455993655
1735139384.6555817,1360000,40.28106689453125,39.821717770894374
1735139416.6180897,1362000,39.83455657958984,39.82305070241293
1735139448.060549,1364000,39.938114166259766,39.82430475870768
1735139479.6523452,1366000,40.36490249633789,39.82261562347412
1735139510.8600998,1368000,40.61208724975586,39.82372477213542
1735139542.2537048,1370000,40.07366943359375,39.82496023813884
1735139573.9829972,1372000,40.10464477539063,39.82549530029297
1735139605.2815106,1374000,39.85384750366211,39.8246568552653
1735139636.4178002,1376000,39.82846832275391,39.82481204986573
1735139667.8806586,1378000,39.88476943969727,39.82470086415609
1735139699.6891963,1380000,40.18885040283203,39.826802660624196
1735139731.2020788,1382000,40.01700592041016,39.82853666941325
1735139762.8135424,1384000,39.84889602661133,39.82966664632162
1735139794.40642,1386000,40.40470886230469,39.831528650919594
1735139825.7622604,1388000,39.83998489379883,39.831756884257004
1735139857.3169832,1390000,39.77413558959961,39.83150601704915
1735139889.468006,1392000,39.986106872558594,39.83319445292155
1735139920.945386,1394000,39.768333435058594,39.83503770192465
1735139952.5466998,1396000,39.895729064941406,39.835652109781904
1735139984.2115283,1398000,39.72495651245117,39.83602900187175
1735140015.9288564,1400000,39.758907318115234,39.83541414896647
1735140047.5618205,1402000,39.8527946472168,39.837944959004716
1735140079.4893618,1404000,40.06352996826172,39.83780760447184
1735140111.2353551,1406000,40.016109466552734,39.836574719746906
1735140143.5170898,1408000,39.928340911865234,39.83699696858724
1735140175.0756376,1410000,39.60503768920898,39.83631240844727
1735140206.5203896,1412000,39.96706771850586,39.8363801574707
1735140238.0655944,1414000,39.86813735961914,39.838949559529624
1735140269.452355,1416000,40.18003463745117,39.83893609364828
1735140301.0003886,1418000,40.28139114379883,39.838367284139004
1735140332.3451295,1420000,39.68323516845703,39.83975355784099
1735140364.0886724,1422000,40.33875274658203,39.84207042694092
1735140395.9677727,1424000,40.1324577331543,39.842661043802906
1735140427.6205444,1426000,40.04756927490234,39.84386628468832
1735140459.189743,1428000,40.05210113525391,39.8439747619629
1735140491.1078937,1430000,39.64838409423828,39.84425752003988
1735140522.8643005,1432000,39.63927459716797,39.84370497385662
1735140554.593596,1434000,39.68392562866211,39.844116935729986
1735140585.9805212,1436000,39.74863815307617,39.84207248687744
1735140617.6699357,1438000,39.83221435546875,39.84089922587077
1735140649.813923,1440000,40.05928039550781,39.843399365743004
1735140681.4028077,1442000,39.69149398803711,39.844736150105796
1735140712.7749877,1444000,39.84743881225586,39.84381159464518
1735140744.204301,1446000,39.74029922485352,39.844214566548665
1735140775.5763967,1448000,39.85663986206055,39.8475368754069
1735140807.0562613,1450000,39.5784797668457,39.84627239227295
1735140838.7522788,1452000,39.73466491699219,39.84689637502035
1735140870.7978158,1454000,39.47040557861328,39.84565410614014
1735140901.9153783,1456000,39.690914154052734,39.843879000345865
1735140933.5593915,1458000,39.62139129638672,39.84139897664388
1735140965.337726,1460000,39.9810676574707,39.84182231903076
1735140997.2489543,1462000,39.50729370117188,39.83999980926514
1735141029.0052674,1464000,39.75302505493164,39.837757746378585
1735141060.934909,1466000,39.73868560791016,39.83843849182129
1735141092.4142337,1468000,40.38687896728516,39.83922082265219
1735141124.3325472,1470000,39.73170852661133,39.83694480895997
1735141156.1663404,1472000,39.90446853637695,39.83686197916667
1735141187.8552716,1474000,39.78852844238281,39.835837656656906
1735141219.8267136,1476000,40.00456237792969,39.83408093770346
1735141251.5797691,1478000,39.52174377441406,39.83451999664307
1735141283.0225587,1480000,39.67314147949219,39.83363113403321
1735141314.3704803,1482000,39.97063827514648,39.83258562723796
1735141346.514087,1484000,40.128662109375,39.83428963979086
1735141378.900975,1486000,39.52456283569336,39.831870358785
1735141410.470561,1488000,39.80961227416992,39.83016318003337
1735141442.1027417,1490000,39.69919204711914,39.83023928324381
1735141473.852878,1492000,39.55072784423828,39.83133394877116
1735141505.6354115,1494000,39.86226272583008,39.830867780049644
1735141537.8374465,1496000,40.14438629150391,39.830825716654466
1735141569.869405,1498000,39.65088272094727,39.83070705413819
1735141601.6202142,1500000,39.56749725341797,39.830003051757814
1735141633.2247243,1502000,39.59535217285156,39.828164189656576
1735141664.8094866,1504000,39.761043548583984,39.829267005920414
1735141696.370888,1506000,39.79814910888672,39.829579226175944
1735141728.5265467,1508000,39.871315002441406,39.82697516123454
1735141760.436802,1510000,39.80755615234375,39.82647572835287
1735141792.0686536,1512000,39.75202178955078,39.82527723948161
1735141823.7063403,1514000,39.98154067993164,39.82263504028321
1735141855.7306175,1516000,39.73932266235352,39.824317944844566
1735141887.265581,1518000,39.23954391479492,39.8244958750407
1735141918.7616928,1520000,39.98599624633789,39.82621040344239
1735141950.7771063,1522000,39.89984893798828,39.828335507710776
1735141982.061727,1524000,39.40445709228516,39.82899918874105
1735142013.729897,1526000,39.92882537841797,39.82637245178223
1735142045.358906,1528000,39.71346664428711,39.82529293060303
1735142077.169252,1530000,39.9840087890625,39.825375366210935
1735142108.9145305,1532000,39.812129974365234,39.824684677124026
1735142140.4122584,1534000,40.00120544433594,39.824215202331544
1735142172.015563,1536000,39.96809005737305,39.82539082845052
1735142203.7825809,1538000,39.28666305541992,39.82409909566243
1735142235.1802723,1540000,40.04224395751953,39.82420509338379
1735142266.9658537,1542000,40.18629837036133,39.82326475779216
1735142298.648268,1544000,39.90617752075195,39.82415542602539
1735142330.1038637,1546000,39.87973403930664,39.82420466105144
1735142361.7832966,1548000,39.68856430053711,39.82235130310059
1735142393.2099938,1550000,39.93211364746094,39.82067763010661
1735142424.9241717,1552000,39.52790832519531,39.820094731648766
1735142456.802493,1554000,39.6976203918457,39.8210371017456
1735142488.539204,1556000,39.53739547729492,39.81933517456055
1735142520.1147,1558000,39.886226654052734,39.81955439249675
1735142552.0654411,1560000,39.99539566040039,39.818870658874516
1735142583.6501734,1562000,40.168582916259766,39.81738624572754
1735142615.439844,1564000,40.02602005004883,39.816345163981126
1735142647.5296683,1566000,40.53524017333984,39.81622582753499
1735142679.3172207,1568000,40.179237365722656,39.81684795379639
1735142710.5673218,1570000,40.08866882324219,39.81747159322103
1735142742.1916304,1572000,39.625030517578125,39.815313555399584
1735142773.668317,1574000,39.97819519042969,39.8151202138265
1735142805.268064,1576000,39.867374420166016,39.81393637339275
1735142837.1699743,1578000,39.91176986694336,39.813201980590826
1735142869.2457995,1580000,39.85578155517578,39.81083904266358
1735142901.357263,1582000,39.82485961914063,39.81102493286133
1735142932.8695562,1584000,39.76249313354492,39.81013490041097
1735142964.2148235,1586000,39.64498519897461,39.80906973520915
1735142996.453853,1588000,39.900028228759766,39.80909689585368
1735143028.146037,1590000,39.43814468383789,39.808412119547526
1735143059.7395182,1592000,39.68764114379883,39.80884010314942
1735143091.4749887,1594000,39.660911560058594,39.80726482391358
1735143123.437248,1596000,39.460243225097656,39.80401925404867
1735143155.0413606,1598000,39.84530258178711,39.80528565724691
1735143186.7723086,1600000,39.61345672607422,39.80614117940267
1735143218.5317004,1602000,40.04714584350586,39.804665171305345
1735143250.2394023,1604000,40.228302001953125,39.80778704325358
1735143281.843931,1606000,39.52034378051758,39.80788491566977
1735143313.253672,1608000,39.86766052246094,39.806631952921556
1735143344.4528074,1610000,40.032814025878906,39.80767726898194
1735143376.086323,1612000,39.85025405883789,39.8063355255127
1735143407.4877205,1614000,39.85314178466797,39.80523691813151
1735143438.7933717,1616000,40.05804443359375,39.80545644124349
1735143470.303318,1618000,39.83864212036133,39.805257898966474
1735143501.8650382,1620000,39.53719711303711,39.80480744679769
1735143533.350697,1622000,39.79745864868164,39.804833831787114
1735143564.896647,1624000,39.4652099609375,39.80467520395915
1735143596.2439814,1626000,39.4478874206543,39.80402956644694
1735143627.89906,1628000,39.84001922607422,39.80423614501953
1735143659.2044003,1630000,39.48919296264648,39.80352682749431
1735143690.246786,1632000,39.56725311279297,39.80499514261882
1735143721.504844,1634000,39.82795715332031,39.80571786244711
1735143753.1011517,1636000,39.71263885498047,39.80515958150228
1735143784.4038415,1638000,39.70366668701172,39.80531499226888
1735143815.8996005,1640000,39.65152740478516,39.805625928243
1735143847.5765696,1642000,39.85082626342773,39.80387671152751
1735143879.1928709,1644000,39.93687438964844,39.804765446980795
1735143910.9548726,1646000,39.6442985534668,39.80316566467285
1735143942.6755447,1648000,39.6666259765625,39.802669779459634
1735143974.4497695,1650000,39.65526580810547,39.803803799947104
1735144005.8034058,1652000,39.96673583984375,39.80314521789551
1735144037.306546,1654000,39.841796875,39.80324058532715
1735144068.65964,1656000,39.89787673950195,39.80444595336915
1735144100.2163315,1658000,39.76926040649414,39.80457941691081
1735144131.6299942,1660000,39.71883773803711,39.8039623896281
1735144163.1224525,1662000,39.78487014770508,39.801952921549486
1735144194.187929,1664000,39.40513610839844,39.80041739145915
1735144225.4915805,1666000,39.81297302246094,39.799527982076015
1735144257.023333,1668000,39.65240097045898,39.79746006011963
1735144289.176883,1670000,39.649410247802734,39.79526663462322
1735144320.69934,1672000,39.55240249633789,39.79477778116863
1735144352.7162335,1674000,39.8905029296875,39.794049186706545
1735144384.6441,1676000,39.75196075439453,39.79425500233969
1735144416.4969032,1678000,39.7896842956543,39.79488998413086
1735144448.3321102,1680000,40.01335144042969,39.79489648183188
1735144479.8641098,1682000,39.84274291992188,39.791834398905436
1735144511.2398062,1684000,40.18410110473633,39.79064790089926
1735144542.560724,1686000,39.7839469909668,39.789601554870615
1735144573.7349358,1688000,39.9186897277832,39.7866408665975
1735144605.1016586,1690000,39.7906494140625,39.78403826395672
1735144636.7065425,1692000,40.054935455322266,39.78341172536215
1735144668.6897604,1694000,39.8074951171875,39.78126647949219
1735144700.2282453,1696000,39.4519157409668,39.779850781758626
1735144731.7289789,1698000,39.70976638793945,39.77977516174317
1735144763.1953683,1700000,40.2535285949707,39.778389587402344
1735144795.0858042,1702000,39.8121337890625,39.64585989634196
1735144827.093568,1704000,39.30023193359375,39.5130172475179
1735144858.638744,1706000,39.7577018737793,39.379472147623694
1735144890.1345804,1708000,39.6357650756836,39.24608511606852
1735144921.3614805,1710000,39.83737564086914,39.112990646362306
1735144952.7487323,1712000,40.37436676025391,38.98097385406494
1735144984.35478,1714000,39.67776107788086,38.84775029500326
1735145015.744837,1716000,39.40291213989258,38.714856503804526
1735145047.365077,1718000,39.75141143798828,38.580923055013024
1735145078.7652907,1720000,40.595977783203125,38.446651751200356
1735145110.1178524,1722000,39.954097747802734,38.31437430063884
1735145141.6121693,1724000,40.315086364746094,38.17991179148356
1735145173.0105834,1726000,39.69325256347656,38.04613693237305
1735145204.4406688,1728000,39.9054069519043,37.912645034790046
1735145236.0159278,1730000,39.35823059082031,37.779138031005864
1735145267.4294713,1732000,39.71712493896485,37.646976750691735
1735145298.9764132,1734000,39.41121292114258,37.514845835367844
1735145330.6053596,1736000,39.61526870727539,37.3825660832723
1735145362.089454,1738000,40.08969497680664,37.25007062276205
1735145393.889292,1740000,39.960975646972656,37.11729657491048
1735145426.1387289,1742000,39.64133071899414,36.983765640258795
1735145457.751263,1744000,39.49198913574219,36.85146066029867
1735145489.2321448,1746000,40.46281433105469,36.71863586425782
1735145520.7388017,1748000,39.55941009521485,36.58616820017497
1735145552.293218,1750000,40.35450744628906,36.453312733968104
1735145583.7646255,1752000,39.81014633178711,36.32138446807862
1735145615.0868237,1754000,39.394622802734375,36.18893558502197
1735145646.57162,1756000,39.3817138671875,36.0573675664266
1735145678.5347135,1758000,39.98150253295898,35.92506451924642
1735145710.3797605,1760000,39.487491607666016,35.79299321492513
1735145742.4228115,1762000,39.37200164794922,35.65972298940023
1735145774.6502483,1764000,39.80912399291992,35.528032010396316
1735145806.319576,1766000,40.313114166259766,35.39552192687989
1735145838.100789,1768000,39.7596549987793,35.26305964152019
1735145869.373222,1770000,39.59713745117188,35.128436711629234
1735145901.273273,1772000,39.705177307128906,34.99599768320719
1735145932.9141316,1774000,39.42048263549805,34.862982788085944
1735145964.394512,1776000,39.657833099365234,34.73035435994467
1735145995.9889505,1778000,39.44017791748047,34.597005818684906
1735146027.5465407,1780000,39.79896926879883,34.465266672770184
1735146059.1932683,1782000,39.95538330078125,34.33302286783855
1735146090.9204123,1784000,39.56509017944336,34.19978740692139
1735146122.4482894,1786000,39.39529037475586,34.066025199890134
1735146154.2102485,1788000,39.705936431884766,33.9342766571045
1735146186.0505242,1790000,39.94068908691406,33.80157794952393
1735146217.4091778,1792000,39.71452713012695,33.66924730936687
1735146249.366685,1794000,39.70332717895508,33.53741154988607
1735146280.512881,1796000,39.60786056518555,33.40453734079997
1735146311.7236135,1798000,39.88452911376953,33.27072271982829
1735146343.145825,1800000,39.40651321411133,33.138553110758465
1735146374.5264702,1802000,39.875953674316406,33.00666145324708
1735146405.994352,1804000,39.84874725341797,32.874676946004236
1735146437.7945216,1806000,39.17607116699219,32.74214013417562
1735146469.2464564,1808000,39.53980255126953,32.609479637146
1735146500.8436573,1810000,39.70469665527344,32.476575253804526
1735146532.2737772,1812000,39.27118682861328,32.34388339996338
1735146564.0606716,1814000,40.21928024291992,32.211376660664875
1735146595.9287925,1816000,39.76208114624024,32.07810485839843
1735146628.0884638,1818000,39.764530181884766,31.945640449523925
1735146659.4069529,1820000,40.362403869628906,31.814841969807944
1735146690.783489,1822000,40.07884216308594,31.681555315653483
1735146722.2536733,1824000,39.446720123291016,31.548555819193524
1735146754.376449,1826000,39.6589241027832,31.417207628885905
1735146786.0465078,1828000,39.90444564819336,31.28411154429118
1735146818.1866634,1830000,39.7445068359375,31.151733322143556
1735146850.1485734,1832000,40.000587463378906,31.01845329284668
1735146882.2906404,1834000,40.26321029663086,30.88574619293213
1735146913.8628182,1836000,39.59053802490234,30.75240884145101
1735146945.5916817,1838000,40.05673599243164,30.6191818745931
1735146977.4420414,1840000,39.61091613769531,30.488226331075033
1735147008.7588823,1842000,39.815425872802734,30.354752184549966
1735147040.261238,1844000,39.90397262573242,30.220797856648765
1735147071.5761404,1846000,39.54419708251953,30.087777264912923
1735147103.0069375,1848000,39.36174774169922,29.954844818115234
1735147134.417071,1850000,39.64492416381836,29.82254960378011
1735147165.8957517,1852000,39.715858459472656,29.689442558288576
1735147197.2237692,1854000,39.55705642700195,29.557682863871257
1735147229.200448,1856000,39.83922958374024,29.425357462565106
1735147261.0680466,1858000,39.56602096557617,29.293566144307455
1735147292.715438,1860000,39.89601516723633,29.160612055460614
1735147324.528404,1862000,39.59931564331055,29.027294069925944
1735147356.1941998,1864000,39.695919036865234,28.893398793538413
1735147387.859577,1866000,39.80200958251953,28.759978726704915
1735147419.5257616,1868000,40.09454727172852,28.624861259460452
1735147451.2071197,1870000,39.34318161010742,28.490930468241373
1735147482.528136,1872000,39.97422790527344,28.357301572163905
1735147514.0071163,1874000,39.54777526855469,28.22521813710531
1735147545.3081872,1876000,39.64461517333984,28.09195748647054
1735147576.716204,1878000,39.26847457885742,27.959066238403324
1735147608.1948743,1880000,39.81591033935547,27.82602700551351
1735147639.7579107,1882000,39.98046875,27.693174400329593
1735147671.4243772,1884000,39.2274055480957,27.56042486826579
1735147703.2181706,1886000,39.60388946533203,27.427883224487307
1735147734.6326418,1888000,39.44791793823242,27.29573327382406
1735147766.121401,1890000,40.07102584838867,27.162733179728193
1735147797.3384323,1892000,39.61135482788086,27.03127269744873
1735147828.9159522,1894000,39.313751220703125,26.898980560302736
1735147860.2459185,1896000,40.008419036865234,26.766777521769207
1735147892.1302867,1898000,39.732120513916016,26.635243377685548
1735147923.8959668,1900000,39.51496124267578,26.502425702412925
1735147955.840176,1902000,40.28705596923828,26.370380846659344
1735147987.3219094,1904000,39.68273162841797,26.236890360514323
1735148018.5061817,1906000,39.453121185302734,26.102796020507814
1735148050.317623,1908000,39.73543548583984,25.971061541239422
1735148082.035037,1910000,39.39692306518555,25.838169339497888
1735148113.1807122,1912000,39.39292144775391,25.70472662607829
1735148144.6150637,1914000,39.70943069458008,25.571892445882163
1735148176.2131765,1916000,39.66739654541016,25.439048639933272
1735148207.8660786,1918000,39.93537902832031,25.305521825154628
1735148239.4034164,1920000,40.16134643554688,25.17272635142009
1735148270.9738634,1922000,40.01889419555664,25.040935694376632
1735148302.6381848,1924000,39.76491165161133,24.908277498881027
1735148333.8831222,1926000,40.30974197387695,24.776726799011232
1735148365.4523838,1928000,39.62960433959961,24.645233840942385
1735148397.151018,1930000,39.929141998291016,24.51243377685547
1735148429.2798853,1932000,40.04001998901367,24.38080313364665
1735148460.6096272,1934000,39.60634613037109,24.24891228993734
1735148492.1438231,1936000,39.70158767700195,24.116152432759606
1735148523.580148,1938000,40.09325408935547,23.98377696990967
1735148555.0314684,1940000,39.93471145629883,23.8514314142863
1735148586.530218,1942000,40.1402587890625,23.719259656270346
1735148617.945722,1944000,39.716346740722656,23.58642356872559
1735148649.5778666,1946000,40.07663345336914,23.453300654093425
1735148681.2768152,1948000,40.30084991455078,23.321152992248535
1735148712.9197285,1950000,39.51346206665039,23.188930905659994
1735148744.4569323,1952000,39.45495223999024,23.056746686299643
1735148776.174106,1954000,40.23046875,22.923524233500164
1735148807.536198,1956000,39.82787704467773,22.790718243916828
1735148839.025032,1958000,39.958980560302734,22.657725321451824
1735148870.2296066,1960000,39.67822647094727,22.525161120096843
1735148901.4560616,1962000,39.37389755249024,22.392764994303388
1735148932.942973,1964000,39.67129135131836,22.2601487604777
1735148964.227864,1966000,39.74452590942383,22.12879830678304
1735148995.7747772,1968000,39.95405960083008,21.99608839670817
1735149027.271867,1970000,39.9270133972168,21.863913726806643
1735149059.0524817,1972000,39.88606643676758,21.731749025980633
1735149090.60683,1974000,39.91559219360352,21.599907684326173
1735149122.518288,1976000,40.01896286010742,21.466939341227217
1735149154.267425,1978000,39.88671875,21.334432805379233
1735149185.7513757,1980000,39.27022552490234,21.201800524393718
1735149217.043315,1982000,39.66105651855469,21.068422686258955
1735149248.7011175,1984000,39.53499221801758,20.93561354319255
1735149280.351055,1986000,39.51650238037109,20.801666539510094
1735149312.2661724,1988000,39.0592041015625,20.669053382873535
1735149343.5801497,1990000,39.58617401123047,20.535991083780928
1735149375.110269,1992000,39.342533111572266,20.40335558573405
1735149406.7610548,1994000,39.34362411499024,20.269839134216312
1735149438.5515726,1996000,39.873043060302734,20.137147483825686
1735149470.2795055,1998000,39.30928421020508,20.005641098022462
